Height,Weight,Species
0.7 m (2′04″),6.9 kg (15.2 lbs),Seed Pokémon
1.0 m (3′03″),13.0 kg (28.7 lbs),Seed Pokémon
2.0 m (6′07″),100.0 kg (220.5 lbs),Seed Pokémon
2.0 m (6′07″),100.0 kg (220.5 lbs),Seed Pokémon
0.6 m (2′00″),8.5 kg (18.7 lbs),Lizard Pokémon
1.1 m (3′07″),19.0 kg (41.9 lbs),Flame Pokémon
1.7 m (5′07″),90.5 kg (199.5 lbs),Flame Pokémon
1.7 m (5′07″),90.5 kg (199.5 lbs),Flame Pokémon
1.7 m (5′07″),90.5 kg (199.5 lbs),Flame Pokémon
0.5 m (1′08″),9.0 kg (19.8 lbs),Tiny Turtle Pokémon
1.0 m (3′03″),22.5 kg (49.6 lbs),Turtle Pokémon
1.6 m (5′03″),85.5 kg (188.5 lbs),Shellfish Pokémon
1.6 m (5′03″),85.5 kg (188.5 lbs),Shellfish Pokémon
0.3 m (1′00″),2.9 kg (6.4 lbs),Worm Pokémon
0.7 m (2′04″),9.9 kg (21.8 lbs),Cocoon Pokémon
1.1 m (3′07″),32.0 kg (70.5 lbs),Butterfly Pokémon
0.3 m (1′00″),3.2 kg (7.1 lbs),Hairy Bug Pokémon
0.6 m (2′00″),10.0 kg (22.0 lbs),Cocoon Pokémon
1.0 m (3′03″),29.5 kg (65.0 lbs),Poison Bee Pokémon
1.0 m (3′03″),29.5 kg (65.0 lbs),Poison Bee Pokémon
0.3 m (1′00″),1.8 kg (4.0 lbs),Tiny Bird Pokémon
1.1 m (3′07″),30.0 kg (66.1 lbs),Bird Pokémon
1.5 m (4′11″),39.5 kg (87.1 lbs),Bird Pokémon
1.5 m (4′11″),39.5 kg (87.1 lbs),Bird Pokémon
0.3 m (1′00″),3.5 kg (7.7 lbs),Mouse Pokémon
0.3 m (1′00″),3.5 kg (7.7 lbs),Mouse Pokémon
0.7 m (2′04″),18.5 kg (40.8 lbs),Mouse Pokémon
0.7 m (2′04″),18.5 kg (40.8 lbs),Mouse Pokémon
0.3 m (1′00″),2.0 kg (4.4 lbs),Tiny Bird Pokémon
1.2 m (3′11″),38.0 kg (83.8 lbs),Beak Pokémon
2.0 m (6′07″),6.9 kg (15.2 lbs),Snake Pokémon
3.5 m (11′06″),65.0 kg (143.3 lbs),Cobra Pokémon
0.4 m (1′04″),6.0 kg (13.2 lbs),Mouse Pokémon
0.4 m (1′04″),6.0 kg (13.2 lbs),Mouse Pokémon
0.8 m (2′07″),30.0 kg (66.1 lbs),Mouse Pokémon
0.8 m (2′07″),30.0 kg (66.1 lbs),Mouse Pokémon
0.6 m (2′00″),12.0 kg (26.5 lbs),Mouse Pokémon
0.6 m (2′00″),12.0 kg (26.5 lbs),Mouse Pokémon
1.0 m (3′03″),29.5 kg (65.0 lbs),Mouse Pokémon
1.0 m (3′03″),29.5 kg (65.0 lbs),Mouse Pokémon
0.4 m (1′04″),7.0 kg (15.4 lbs),Poison Pin Pokémon
0.8 m (2′07″),20.0 kg (44.1 lbs),Poison Pin Pokémon
1.3 m (4′03″),60.0 kg (132.3 lbs),Drill Pokémon
0.5 m (1′08″),9.0 kg (19.8 lbs),Poison Pin Pokémon
0.9 m (2′11″),19.5 kg (43.0 lbs),Poison Pin Pokémon
1.4 m (4′07″),62.0 kg (136.7 lbs),Drill Pokémon
0.6 m (2′00″),7.5 kg (16.5 lbs),Fairy Pokémon
1.3 m (4′03″),40.0 kg (88.2 lbs),Fairy Pokémon
0.6 m (2′00″),9.9 kg (21.8 lbs),Fox Pokémon
0.6 m (2′00″),9.9 kg (21.8 lbs),Fox Pokémon
1.1 m (3′07″),19.9 kg (43.9 lbs),Fox Pokémon
1.1 m (3′07″),19.9 kg (43.9 lbs),Fox Pokémon
0.5 m (1′08″),5.5 kg (12.1 lbs),Balloon Pokémon
1.0 m (3′03″),12.0 kg (26.5 lbs),Balloon Pokémon
0.8 m (2′07″),7.5 kg (16.5 lbs),Bat Pokémon
1.6 m (5′03″),55.0 kg (121.3 lbs),Bat Pokémon
0.5 m (1′08″),5.4 kg (11.9 lbs),Weed Pokémon
0.8 m (2′07″),8.6 kg (19.0 lbs),Weed Pokémon
1.2 m (3′11″),18.6 kg (41.0 lbs),Flower Pokémon
0.3 m (1′00″),5.4 kg (11.9 lbs),Mushroom Pokémon
1.0 m (3′03″),29.5 kg (65.0 lbs),Mushroom Pokémon
1.0 m (3′03″),30.0 kg (66.1 lbs),Insect Pokémon
1.5 m (4′11″),12.5 kg (27.6 lbs),Poison Moth Pokémon
0.2 m (0′08″),0.8 kg (1.8 lbs),Mole Pokémon
0.2 m (0′08″),0.8 kg (1.8 lbs),Mole Pokémon
0.7 m (2′04″),33.3 kg (73.4 lbs),Mole Pokémon
0.7 m (2′04″),33.3 kg (73.4 lbs),Mole Pokémon
0.4 m (1′04″),4.2 kg (9.3 lbs),Scratch Cat Pokémon
0.4 m (1′04″),4.2 kg (9.3 lbs),Scratch Cat Pokémon
0.4 m (1′04″),4.2 kg (9.3 lbs),Scratch Cat Pokémon
1.0 m (3′03″),32.0 kg (70.5 lbs),Classy Cat Pokémon
1.0 m (3′03″),32.0 kg (70.5 lbs),Classy Cat Pokémon
0.8 m (2′07″),19.6 kg (43.2 lbs),Duck Pokémon
1.7 m (5′07″),76.6 kg (168.9 lbs),Duck Pokémon
0.5 m (1′08″),28.0 kg (61.7 lbs),Pig Monkey Pokémon
1.0 m (3′03″),32.0 kg (70.5 lbs),Pig Monkey Pokémon
0.7 m (2′04″),19.0 kg (41.9 lbs),Puppy Pokémon
1.9 m (6′03″),155.0 kg (341.7 lbs),Legendary Pokémon
0.6 m (2′00″),12.4 kg (27.3 lbs),Tadpole Pokémon
1.0 m (3′03″),20.0 kg (44.1 lbs),Tadpole Pokémon
1.3 m (4′03″),54.0 kg (119.0 lbs),Tadpole Pokémon
0.9 m (2′11″),19.5 kg (43.0 lbs),Psi Pokémon
1.3 m (4′03″),56.5 kg (124.6 lbs),Psi Pokémon
1.5 m (4′11″),48.0 kg (105.8 lbs),Psi Pokémon
1.5 m (4′11″),48.0 kg (105.8 lbs),Psi Pokémon
0.8 m (2′07″),19.5 kg (43.0 lbs),Superpower Pokémon
1.5 m (4′11″),70.5 kg (155.4 lbs),Superpower Pokémon
1.6 m (5′03″),130.0 kg (286.6 lbs),Superpower Pokémon
0.7 m (2′04″),4.0 kg (8.8 lbs),Flower Pokémon
1.0 m (3′03″),6.4 kg (14.1 lbs),Flycatcher Pokémon
1.7 m (5′07″),15.5 kg (34.2 lbs),Flycatcher Pokémon
0.9 m (2′11″),45.5 kg (100.3 lbs),Jellyfish Pokémon
1.6 m (5′03″),55.0 kg (121.3 lbs),Jellyfish Pokémon
0.4 m (1′04″),20.0 kg (44.1 lbs),Rock Pokémon
0.4 m (1′04″),20.0 kg (44.1 lbs),Rock Pokémon
1.0 m (3′03″),105.0 kg (231.5 lbs),Rock Pokémon
1.0 m (3′03″),105.0 kg (231.5 lbs),Rock Pokémon
1.4 m (4′07″),300.0 kg (661.4 lbs),Megaton Pokémon
1.4 m (4′07″),300.0 kg (661.4 lbs),Megaton Pokémon
1.0 m (3′03″),30.0 kg (66.1 lbs),Fire Horse Pokémon
1.0 m (3′03″),30.0 kg (66.1 lbs),Fire Horse Pokémon
1.7 m (5′07″),95.0 kg (209.4 lbs),Fire Horse Pokémon
1.7 m (5′07″),95.0 kg (209.4 lbs),Fire Horse Pokémon
1.2 m (3′11″),36.0 kg (79.4 lbs),Dopey Pokémon
1.2 m (3′11″),36.0 kg (79.4 lbs),Dopey Pokémon
1.6 m (5′03″),78.5 kg (173.1 lbs),Hermit Crab Pokémon
1.6 m (5′03″),78.5 kg (173.1 lbs),Hermit Crab Pokémon
1.6 m (5′03″),78.5 kg (173.1 lbs),Hermit Crab Pokémon
0.3 m (1′00″),6.0 kg (13.2 lbs),Magnet Pokémon
1.0 m (3′03″),60.0 kg (132.3 lbs),Magnet Pokémon
0.8 m (2′07″),15.0 kg (33.1 lbs),Wild Duck Pokémon
0.8 m (2′07″),15.0 kg (33.1 lbs),Wild Duck Pokémon
1.4 m (4′07″),39.2 kg (86.4 lbs),Twin Bird Pokémon
1.8 m (5′11″),85.2 kg (187.8 lbs),Triple Bird Pokémon
1.1 m (3′07″),90.0 kg (198.4 lbs),Sea Lion Pokémon
1.7 m (5′07″),120.0 kg (264.6 lbs),Sea Lion Pokémon
0.9 m (2′11″),30.0 kg (66.1 lbs),Sludge Pokémon
0.9 m (2′11″),30.0 kg (66.1 lbs),Sludge Pokémon
1.2 m (3′11″),30.0 kg (66.1 lbs),Sludge Pokémon
1.2 m (3′11″),30.0 kg (66.1 lbs),Sludge Pokémon
0.3 m (1′00″),4.0 kg (8.8 lbs),Bivalve Pokémon
1.5 m (4′11″),132.5 kg (292.1 lbs),Bivalve Pokémon
1.3 m (4′03″),0.1 kg (0.2 lbs),Gas Pokémon
1.6 m (5′03″),0.1 kg (0.2 lbs),Gas Pokémon
1.5 m (4′11″),40.5 kg (89.3 lbs),Shadow Pokémon
1.5 m (4′11″),40.5 kg (89.3 lbs),Shadow Pokémon
8.8 m (28′10″),210.0 kg (463.0 lbs),Rock Snake Pokémon
1.0 m (3′03″),32.4 kg (71.4 lbs),Hypnosis Pokémon
1.6 m (5′03″),75.6 kg (166.7 lbs),Hypnosis Pokémon
0.4 m (1′04″),6.5 kg (14.3 lbs),River Crab Pokémon
1.3 m (4′03″),60.0 kg (132.3 lbs),Pincer Pokémon
0.5 m (1′08″),10.4 kg (22.9 lbs),Ball Pokémon
1.2 m (3′11″),66.6 kg (146.8 lbs),Ball Pokémon
0.4 m (1′04″),2.5 kg (5.5 lbs),Egg Pokémon
2.0 m (6′07″),120.0 kg (264.6 lbs),Coconut Pokémon
2.0 m (6′07″),120.0 kg (264.6 lbs),Coconut Pokémon
0.4 m (1′04″),6.5 kg (14.3 lbs),Lonely Pokémon
1.0 m (3′03″),45.0 kg (99.2 lbs),Bone Keeper Pokémon
1.0 m (3′03″),45.0 kg (99.2 lbs),Bone Keeper Pokémon
1.5 m (4′11″),49.8 kg (109.8 lbs),Kicking Pokémon
1.4 m (4′07″),50.2 kg (110.7 lbs),Punching Pokémon
1.2 m (3′11″),65.5 kg (144.4 lbs),Licking Pokémon
0.6 m (2′00″),1.0 kg (2.2 lbs),Poison Gas Pokémon
1.2 m (3′11″),9.5 kg (20.9 lbs),Poison Gas Pokémon
1.2 m (3′11″),9.5 kg (20.9 lbs),Poison Gas Pokémon
1.0 m (3′03″),115.0 kg (253.5 lbs),Spikes Pokémon
1.9 m (6′03″),120.0 kg (264.6 lbs),Drill Pokémon
1.1 m (3′07″),34.6 kg (76.3 lbs),Egg Pokémon
1.0 m (3′03″),35.0 kg (77.2 lbs),Vine Pokémon
2.2 m (7′03″),80.0 kg (176.4 lbs),Parent Pokémon
2.2 m (7′03″),80.0 kg (176.4 lbs),Parent Pokémon
0.4 m (1′04″),8.0 kg (17.6 lbs),Dragon Pokémon
1.2 m (3′11″),25.0 kg (55.1 lbs),Dragon Pokémon
0.6 m (2′00″),15.0 kg (33.1 lbs),Goldfish Pokémon
1.3 m (4′03″),39.0 kg (86.0 lbs),Goldfish Pokémon
0.8 m (2′07″),34.5 kg (76.1 lbs),Star Shape Pokémon
1.1 m (3′07″),80.0 kg (176.4 lbs),Mysterious Pokémon
1.3 m (4′03″),54.5 kg (120.2 lbs),Barrier Pokémon
1.3 m (4′03″),54.5 kg (120.2 lbs),Barrier Pokémon
1.5 m (4′11″),56.0 kg (123.5 lbs),Mantis Pokémon
1.4 m (4′07″),40.6 kg (89.5 lbs),Human Shape Pokémon
1.1 m (3′07″),30.0 kg (66.1 lbs),Electric Pokémon
1.3 m (4′03″),44.5 kg (98.1 lbs),Spitfire Pokémon
1.5 m (4′11″),55.0 kg (121.3 lbs),Stag Beetle Pokémon
1.5 m (4′11″),55.0 kg (121.3 lbs),Stag Beetle Pokémon
1.4 m (4′07″),88.4 kg (194.9 lbs),Wild Bull Pokémon
0.9 m (2′11″),10.0 kg (22.0 lbs),Fish Pokémon
6.5 m (21′04″),235.0 kg (518.1 lbs),Atrocious Pokémon
6.5 m (21′04″),235.0 kg (518.1 lbs),Atrocious Pokémon
2.5 m (8′02″),220.0 kg (485.0 lbs),Transport Pokémon
0.3 m (1′00″),4.0 kg (8.8 lbs),Transform Pokémon
0.3 m (1′00″),6.5 kg (14.3 lbs),Evolution Pokémon
0.3 m (1′00″),6.5 kg (14.3 lbs),Evolution Pokémon
1.0 m (3′03″),29.0 kg (63.9 lbs),Bubble Jet Pokémon
0.8 m (2′07″),24.5 kg (54.0 lbs),Lightning Pokémon
0.9 m (2′11″),25.0 kg (55.1 lbs),Flame Pokémon
0.8 m (2′07″),36.5 kg (80.5 lbs),Virtual Pokémon
0.4 m (1′04″),7.5 kg (16.5 lbs),Spiral Pokémon
1.0 m (3′03″),35.0 kg (77.2 lbs),Spiral Pokémon
0.5 m (1′08″),11.5 kg (25.4 lbs),Shellfish Pokémon
1.3 m (4′03″),40.5 kg (89.3 lbs),Shellfish Pokémon
1.8 m (5′11″),59.0 kg (130.1 lbs),Fossil Pokémon
1.8 m (5′11″),59.0 kg (130.1 lbs),Fossil Pokémon
2.1 m (6′11″),460.0 kg (1014.1 lbs),Sleeping Pokémon
1.7 m (5′07″),55.4 kg (122.1 lbs),Freeze Pokémon
1.7 m (5′07″),55.4 kg (122.1 lbs),Freeze Pokémon
1.6 m (5′03″),52.6 kg (116.0 lbs),Electric Pokémon
1.6 m (5′03″),52.6 kg (116.0 lbs),Electric Pokémon
2.0 m (6′07″),60.0 kg (132.3 lbs),Flame Pokémon
2.0 m (6′07″),60.0 kg (132.3 lbs),Flame Pokémon
1.8 m (5′11″),3.3 kg (7.3 lbs),Dragon Pokémon
4.0 m (13′01″),16.5 kg (36.4 lbs),Dragon Pokémon
2.2 m (7′03″),210.0 kg (463.0 lbs),Dragon Pokémon
2.0 m (6′07″),122.0 kg (269.0 lbs),Genetic Pokémon
2.0 m (6′07″),122.0 kg (269.0 lbs),Genetic Pokémon
2.0 m (6′07″),122.0 kg (269.0 lbs),Genetic Pokémon
0.4 m (1′04″),4.0 kg (8.8 lbs),New Species Pokémon
0.9 m (2′11″),6.4 kg (14.1 lbs),Leaf Pokémon
1.2 m (3′11″),15.8 kg (34.8 lbs),Leaf Pokémon
1.8 m (5′11″),100.5 kg (221.6 lbs),Herb Pokémon
0.5 m (1′08″),7.9 kg (17.4 lbs),Fire Mouse Pokémon
0.9 m (2′11″),19.0 kg (41.9 lbs),Volcano Pokémon
1.7 m (5′07″),79.5 kg (175.3 lbs),Volcano Pokémon
0.6 m (2′00″),9.5 kg (20.9 lbs),Big Jaw Pokémon
1.1 m (3′07″),25.0 kg (55.1 lbs),Big Jaw Pokémon
2.3 m (7′07″),88.8 kg (195.8 lbs),Big Jaw Pokémon
0.8 m (2′07″),6.0 kg (13.2 lbs),Scout Pokémon
1.8 m (5′11″),32.5 kg (71.7 lbs),Long Body Pokémon
0.7 m (2′04″),21.2 kg (46.7 lbs),Owl Pokémon
1.6 m (5′03″),40.8 kg (89.9 lbs),Owl Pokémon
1.0 m (3′03″),10.8 kg (23.8 lbs),Five Star Pokémon
1.4 m (4′07″),35.6 kg (78.5 lbs),Five Star Pokémon
0.5 m (1′08″),8.5 kg (18.7 lbs),String Spit Pokémon
1.1 m (3′07″),33.5 kg (73.9 lbs),Long Leg Pokémon
1.8 m (5′11″),75.0 kg (165.3 lbs),Bat Pokémon
0.5 m (1′08″),12.0 kg (26.5 lbs),Angler Pokémon
1.2 m (3′11″),22.5 kg (49.6 lbs),Light Pokémon
0.3 m (1′00″),2.0 kg (4.4 lbs),Tiny Mouse Pokémon
0.3 m (1′00″),3.0 kg (6.6 lbs),Star Shape Pokémon
0.3 m (1′00″),1.0 kg (2.2 lbs),Balloon Pokémon
0.3 m (1′00″),1.5 kg (3.3 lbs),Spike Ball Pokémon
0.6 m (2′00″),3.2 kg (7.1 lbs),Happiness Pokémon
0.2 m (0′08″),2.0 kg (4.4 lbs),Tiny Bird Pokémon
1.5 m (4′11″),15.0 kg (33.1 lbs),Mystic Pokémon
0.6 m (2′00″),7.8 kg (17.2 lbs),Wool Pokémon
0.8 m (2′07″),13.3 kg (29.3 lbs),Wool Pokémon
1.4 m (4′07″),61.5 kg (135.6 lbs),Light Pokémon
1.4 m (4′07″),61.5 kg (135.6 lbs),Light Pokémon
0.4 m (1′04″),5.8 kg (12.8 lbs),Flower Pokémon
0.4 m (1′04″),8.5 kg (18.7 lbs),Aqua Mouse Pokémon
0.8 m (2′07″),28.5 kg (62.8 lbs),Aqua Rabbit Pokémon
1.2 m (3′11″),38.0 kg (83.8 lbs),Imitation Pokémon
1.1 m (3′07″),33.9 kg (74.7 lbs),Frog Pokémon
0.4 m (1′04″),0.5 kg (1.1 lbs),Cottonweed Pokémon
0.6 m (2′00″),1.0 kg (2.2 lbs),Cottonweed Pokémon
0.8 m (2′07″),3.0 kg (6.6 lbs),Cottonweed Pokémon
0.8 m (2′07″),11.5 kg (25.4 lbs),Long Tail Pokémon
0.3 m (1′00″),1.8 kg (4.0 lbs),Seed Pokémon
0.8 m (2′07″),8.5 kg (18.7 lbs),Sun Pokémon
1.2 m (3′11″),38.0 kg (83.8 lbs),Clear Wing Pokémon
0.4 m (1′04″),8.5 kg (18.7 lbs),Water Fish Pokémon
1.4 m (4′07″),75.0 kg (165.3 lbs),Water Fish Pokémon
0.9 m (2′11″),26.5 kg (58.4 lbs),Sun Pokémon
1.0 m (3′03″),27.0 kg (59.5 lbs),Moonlight Pokémon
0.5 m (1′08″),2.1 kg (4.6 lbs),Darkness Pokémon
2.0 m (6′07″),79.5 kg (175.3 lbs),Royal Pokémon
2.0 m (6′07″),79.5 kg (175.3 lbs),Royal Pokémon
0.7 m (2′04″),1.0 kg (2.2 lbs),Screech Pokémon
0.5 m (1′08″),5.0 kg (11.0 lbs),Symbol Pokémon
1.3 m (4′03″),28.5 kg (62.8 lbs),Patient Pokémon
1.5 m (4′11″),41.5 kg (91.5 lbs),Long Neck Pokémon
0.6 m (2′00″),7.2 kg (15.9 lbs),Bagworm Pokémon
1.2 m (3′11″),125.8 kg (277.3 lbs),Bagworm Pokémon
1.5 m (4′11″),14.0 kg (30.9 lbs),Land Snake Pokémon
1.1 m (3′07″),64.8 kg (142.9 lbs),FlyScorpion Pokémon
9.2 m (30′02″),400.0 kg (881.8 lbs),Iron Snake Pokémon
9.2 m (30′02″),400.0 kg (881.8 lbs),Iron Snake Pokémon
0.6 m (2′00″),7.8 kg (17.2 lbs),Fairy Pokémon
1.4 m (4′07″),48.7 kg (107.4 lbs),Fairy Pokémon
0.5 m (1′08″),3.9 kg (8.6 lbs),Balloon Pokémon
1.8 m (5′11″),118.0 kg (260.1 lbs),Pincer Pokémon
1.8 m (5′11″),118.0 kg (260.1 lbs),Pincer Pokémon
0.6 m (2′00″),20.5 kg (45.2 lbs),Mold Pokémon
1.5 m (4′11″),54.0 kg (119.0 lbs),Single Horn Pokémon
1.5 m (4′11″),54.0 kg (119.0 lbs),Single Horn Pokémon
0.9 m (2′11″),28.0 kg (61.7 lbs),Sharp Claw Pokémon
0.6 m (2′00″),8.8 kg (19.4 lbs),Little Bear Pokémon
1.8 m (5′11″),125.8 kg (277.3 lbs),Hibernator Pokémon
0.7 m (2′04″),35.0 kg (77.2 lbs),Lava Pokémon
0.8 m (2′07″),55.0 kg (121.3 lbs),Lava Pokémon
0.4 m (1′04″),6.5 kg (14.3 lbs),Pig Pokémon
1.1 m (3′07″),55.8 kg (123.0 lbs),Swine Pokémon
0.6 m (2′00″),5.0 kg (11.0 lbs),Coral Pokémon
0.6 m (2′00″),5.0 kg (11.0 lbs),Coral Pokémon
0.6 m (2′00″),12.0 kg (26.5 lbs),Jet Pokémon
0.9 m (2′11″),28.5 kg (62.8 lbs),Jet Pokémon
0.9 m (2′11″),16.0 kg (35.3 lbs),Delivery Pokémon
2.1 m (6′11″),220.0 kg (485.0 lbs),Kite Pokémon
1.7 m (5′07″),50.5 kg (111.3 lbs),Armor Bird Pokémon
0.6 m (2′00″),10.8 kg (23.8 lbs),Dark Pokémon
1.4 m (4′07″),35.0 kg (77.2 lbs),Dark Pokémon
1.4 m (4′07″),35.0 kg (77.2 lbs),Dark Pokémon
1.8 m (5′11″),152.0 kg (335.1 lbs),Dragon Pokémon
0.5 m (1′08″),33.5 kg (73.9 lbs),Long Nose Pokémon
1.1 m (3′07″),120.0 kg (264.6 lbs),Armor Pokémon
0.6 m (2′00″),32.5 kg (71.7 lbs),Virtual Pokémon
1.4 m (4′07″),71.2 kg (157.0 lbs),Big Horn Pokémon
1.2 m (3′11″),58.0 kg (127.9 lbs),Painter Pokémon
0.7 m (2′04″),21.0 kg (46.3 lbs),Scuffle Pokémon
1.4 m (4′07″),48.0 kg (105.8 lbs),Handstand Pokémon
0.4 m (1′04″),6.0 kg (13.2 lbs),Kiss Pokémon
0.6 m (2′00″),23.5 kg (51.8 lbs),Electric Pokémon
0.7 m (2′04″),21.4 kg (47.2 lbs),Live Coal Pokémon
1.2 m (3′11″),75.5 kg (166.4 lbs),Milk Cow Pokémon
1.5 m (4′11″),46.8 kg (103.2 lbs),Happiness Pokémon
1.9 m (6′03″),178.0 kg (392.4 lbs),Thunder Pokémon
2.1 m (6′11″),198.0 kg (436.5 lbs),Volcano Pokémon
2.0 m (6′07″),187.0 kg (412.3 lbs),Aurora Pokémon
0.6 m (2′00″),72.0 kg (158.7 lbs),Rock Skin Pokémon
1.2 m (3′11″),152.0 kg (335.1 lbs),Hard Shell Pokémon
2.0 m (6′07″),202.0 kg (445.3 lbs),Armor Pokémon
2.0 m (6′07″),202.0 kg (445.3 lbs),Armor Pokémon
5.2 m (17′01″),216.0 kg (476.2 lbs),Diving Pokémon
3.8 m (12′06″),199.0 kg (438.7 lbs),Rainbow Pokémon
0.6 m (2′00″),5.0 kg (11.0 lbs),Time Travel Pokémon
0.5 m (1′08″),5.0 kg (11.0 lbs),Wood Gecko Pokémon
0.9 m (2′11″),21.6 kg (47.6 lbs),Wood Gecko Pokémon
1.7 m (5′07″),52.2 kg (115.1 lbs),Forest Pokémon
1.7 m (5′07″),52.2 kg (115.1 lbs),Forest Pokémon
0.4 m (1′04″),2.5 kg (5.5 lbs),Chick Pokémon
0.9 m (2′11″),19.5 kg (43.0 lbs),Young Fowl Pokémon
1.9 m (6′03″),52.0 kg (114.6 lbs),Blaze Pokémon
1.9 m (6′03″),52.0 kg (114.6 lbs),Blaze Pokémon
0.4 m (1′04″),7.6 kg (16.8 lbs),Mud Fish Pokémon
0.7 m (2′04″),28.0 kg (61.7 lbs),Mud Fish Pokémon
1.5 m (4′11″),81.9 kg (180.6 lbs),Mud Fish Pokémon
1.5 m (4′11″),81.9 kg (180.6 lbs),Mud Fish Pokémon
0.5 m (1′08″),13.6 kg (30.0 lbs),Bite Pokémon
1.0 m (3′03″),37.0 kg (81.6 lbs),Bite Pokémon
0.4 m (1′04″),17.5 kg (38.6 lbs),TinyRaccoon Pokémon
0.4 m (1′04″),17.5 kg (38.6 lbs),TinyRaccoon Pokémon
0.5 m (1′08″),32.5 kg (71.7 lbs),Rushing Pokémon
0.5 m (1′08″),32.5 kg (71.7 lbs),Rushing Pokémon
0.3 m (1′00″),3.6 kg (7.9 lbs),Worm Pokémon
0.6 m (2′00″),10.0 kg (22.0 lbs),Cocoon Pokémon
1.0 m (3′03″),28.4 kg (62.6 lbs),Butterfly Pokémon
0.7 m (2′04″),11.5 kg (25.4 lbs),Cocoon Pokémon
1.2 m (3′11″),31.6 kg (69.7 lbs),Poison Moth Pokémon
0.5 m (1′08″),2.6 kg (5.7 lbs),Water Weed Pokémon
1.2 m (3′11″),32.5 kg (71.7 lbs),Jolly Pokémon
1.5 m (4′11″),55.0 kg (121.3 lbs),Carefree Pokémon
0.5 m (1′08″),4.0 kg (8.8 lbs),Acorn Pokémon
1.0 m (3′03″),28.0 kg (61.7 lbs),Wily Pokémon
1.3 m (4′03″),59.6 kg (131.4 lbs),Wicked Pokémon
0.3 m (1′00″),2.3 kg (5.1 lbs),TinySwallow Pokémon
0.7 m (2′04″),19.8 kg (43.7 lbs),Swallow Pokémon
0.6 m (2′00″),9.5 kg (20.9 lbs),Seagull Pokémon
1.2 m (3′11″),28.0 kg (61.7 lbs),Water Bird Pokémon
0.4 m (1′04″),6.6 kg (14.6 lbs),Feeling Pokémon
0.8 m (2′07″),20.2 kg (44.5 lbs),Emotion Pokémon
1.6 m (5′03″),48.4 kg (106.7 lbs),Embrace Pokémon
1.6 m (5′03″),48.4 kg (106.7 lbs),Embrace Pokémon
0.5 m (1′08″),1.7 kg (3.7 lbs),Pond Skater Pokémon
0.8 m (2′07″),3.6 kg (7.9 lbs),Eyeball Pokémon
0.4 m (1′04″),4.5 kg (9.9 lbs),Mushroom Pokémon
1.2 m (3′11″),39.2 kg (86.4 lbs),Mushroom Pokémon
0.8 m (2′07″),24.0 kg (52.9 lbs),Slacker Pokémon
1.4 m (4′07″),46.5 kg (102.5 lbs),Wild Monkey Pokémon
2.0 m (6′07″),130.5 kg (287.7 lbs),Lazy Pokémon
0.5 m (1′08″),5.5 kg (12.1 lbs),Trainee Pokémon
0.8 m (2′07″),12.0 kg (26.5 lbs),Ninja Pokémon
0.8 m (2′07″),1.2 kg (2.6 lbs),Shed Pokémon
0.6 m (2′00″),16.3 kg (35.9 lbs),Whisper Pokémon
1.0 m (3′03″),40.5 kg (89.3 lbs),Big Voice Pokémon
1.5 m (4′11″),84.0 kg (185.2 lbs),Loud Noise Pokémon
1.0 m (3′03″),86.4 kg (190.5 lbs),Guts Pokémon
2.3 m (7′07″),253.8 kg (559.5 lbs),Arm Thrust Pokémon
0.2 m (0′08″),2.0 kg (4.4 lbs),Polka Dot Pokémon
1.0 m (3′03″),97.0 kg (213.8 lbs),Compass Pokémon
0.6 m (2′00″),11.0 kg (24.3 lbs),Kitten Pokémon
1.1 m (3′07″),32.6 kg (71.9 lbs),Prim Pokémon
0.5 m (1′08″),11.0 kg (24.3 lbs),Darkness Pokémon
0.5 m (1′08″),11.0 kg (24.3 lbs),Darkness Pokémon
0.6 m (2′00″),11.5 kg (25.4 lbs),Deceiver Pokémon
0.6 m (2′00″),11.5 kg (25.4 lbs),Deceiver Pokémon
0.4 m (1′04″),60.0 kg (132.3 lbs),Iron Armor Pokémon
0.9 m (2′11″),120.0 kg (264.6 lbs),Iron Armor Pokémon
2.1 m (6′11″),360.0 kg (793.7 lbs),Iron Armor Pokémon
2.1 m (6′11″),360.0 kg (793.7 lbs),Iron Armor Pokémon
0.6 m (2′00″),11.2 kg (24.7 lbs),Meditate Pokémon
1.3 m (4′03″),31.5 kg (69.4 lbs),Meditate Pokémon
1.3 m (4′03″),31.5 kg (69.4 lbs),Meditate Pokémon
0.6 m (2′00″),15.2 kg (33.5 lbs),Lightning Pokémon
1.5 m (4′11″),40.2 kg (88.6 lbs),Discharge Pokémon
1.5 m (4′11″),40.2 kg (88.6 lbs),Discharge Pokémon
0.4 m (1′04″),4.2 kg (9.3 lbs),Cheering Pokémon
0.4 m (1′04″),4.2 kg (9.3 lbs),Cheering Pokémon
0.7 m (2′04″),17.7 kg (39.0 lbs),Firefly Pokémon
0.6 m (2′00″),17.7 kg (39.0 lbs),Firefly Pokémon
0.3 m (1′00″),2.0 kg (4.4 lbs),Thorn Pokémon
0.4 m (1′04″),10.3 kg (22.7 lbs),Stomach Pokémon
1.7 m (5′07″),80.0 kg (176.4 lbs),Poison Bag Pokémon
0.8 m (2′07″),20.8 kg (45.9 lbs),Savage Pokémon
1.8 m (5′11″),88.8 kg (195.8 lbs),Brutal Pokémon
1.8 m (5′11″),88.8 kg (195.8 lbs),Brutal Pokémon
2.0 m (6′07″),130.0 kg (286.6 lbs),Ball Whale Pokémon
14.5 m (47′07″),398.0 kg (877.4 lbs),Float Whale Pokémon
0.7 m (2′04″),24.0 kg (52.9 lbs),Numb Pokémon
1.9 m (6′03″),220.0 kg (485.0 lbs),Eruption Pokémon
1.9 m (6′03″),220.0 kg (485.0 lbs),Eruption Pokémon
0.5 m (1′08″),80.4 kg (177.3 lbs),Coal Pokémon
0.7 m (2′04″),30.6 kg (67.5 lbs),Bounce Pokémon
0.9 m (2′11″),71.5 kg (157.6 lbs),Manipulate Pokémon
1.1 m (3′07″),5.0 kg (11.0 lbs),Spot Panda Pokémon
0.7 m (2′04″),15.0 kg (33.1 lbs),Ant Pit Pokémon
1.1 m (3′07″),15.3 kg (33.7 lbs),Vibration Pokémon
2.0 m (6′07″),82.0 kg (180.8 lbs),Mystic Pokémon
0.4 m (1′04″),51.3 kg (113.1 lbs),Cactus Pokémon
1.3 m (4′03″),77.4 kg (170.6 lbs),Scarecrow Pokémon
0.4 m (1′04″),1.2 kg (2.6 lbs),Cotton Bird Pokémon
1.1 m (3′07″),20.6 kg (45.4 lbs),Humming Pokémon
1.1 m (3′07″),20.6 kg (45.4 lbs),Humming Pokémon
1.3 m (4′03″),40.3 kg (88.8 lbs),Cat Ferret Pokémon
2.7 m (8′10″),52.5 kg (115.7 lbs),Fang Snake Pokémon
1.0 m (3′03″),168.0 kg (370.4 lbs),Meteorite Pokémon
1.2 m (3′11″),154.0 kg (339.5 lbs),Meteorite Pokémon
0.4 m (1′04″),1.9 kg (4.2 lbs),Whiskers Pokémon
0.9 m (2′11″),23.6 kg (52.0 lbs),Whiskers Pokémon
0.6 m (2′00″),11.5 kg (25.4 lbs),Ruffian Pokémon
1.1 m (3′07″),32.8 kg (72.3 lbs),Rogue Pokémon
0.5 m (1′08″),21.5 kg (47.4 lbs),Clay Doll Pokémon
1.5 m (4′11″),108.0 kg (238.1 lbs),Clay Doll Pokémon
1.0 m (3′03″),23.8 kg (52.5 lbs),Sea Lily Pokémon
1.5 m (4′11″),60.4 kg (133.2 lbs),Barnacle Pokémon
0.7 m (2′04″),12.5 kg (27.6 lbs),Old Shrimp Pokémon
1.5 m (4′11″),68.2 kg (150.4 lbs),Plate Pokémon
0.6 m (2′00″),7.4 kg (16.3 lbs),Fish Pokémon
6.2 m (20′04″),162.0 kg (357.1 lbs),Tender Pokémon
0.3 m (1′00″),0.8 kg (1.8 lbs),Weather Pokémon
0.3 m (1′00″),0.8 kg (1.8 lbs),Weather Pokémon
0.3 m (1′00″),0.8 kg (1.8 lbs),Weather Pokémon
0.3 m (1′00″),0.8 kg (1.8 lbs),Weather Pokémon
1.0 m (3′03″),22.0 kg (48.5 lbs),Color Swap Pokémon
0.6 m (2′00″),2.3 kg (5.1 lbs),Puppet Pokémon
1.1 m (3′07″),12.5 kg (27.6 lbs),Marionette Pokémon
1.1 m (3′07″),12.5 kg (27.6 lbs),Marionette Pokémon
0.8 m (2′07″),15.0 kg (33.1 lbs),Requiem Pokémon
1.6 m (5′03″),30.6 kg (67.5 lbs),Beckon Pokémon
2.0 m (6′07″),100.0 kg (220.5 lbs),Fruit Pokémon
0.6 m (2′00″),1.0 kg (2.2 lbs),Wind Chime Pokémon
1.2 m (3′11″),47.0 kg (103.6 lbs),Disaster Pokémon
1.2 m (3′11″),47.0 kg (103.6 lbs),Disaster Pokémon
0.6 m (2′00″),14.0 kg (30.9 lbs),Bright Pokémon
0.7 m (2′04″),16.8 kg (37.0 lbs),Snow Hat Pokémon
1.5 m (4′11″),256.5 kg (565.5 lbs),Face Pokémon
1.5 m (4′11″),256.5 kg (565.5 lbs),Face Pokémon
0.8 m (2′07″),39.5 kg (87.1 lbs),Clap Pokémon
1.1 m (3′07″),87.6 kg (193.1 lbs),Ball Roll Pokémon
1.4 m (4′07″),150.6 kg (332.0 lbs),Ice Break Pokémon
0.4 m (1′04″),52.5 kg (115.7 lbs),Bivalve Pokémon
1.7 m (5′07″),27.0 kg (59.5 lbs),Deep Sea Pokémon
1.8 m (5′11″),22.6 kg (49.8 lbs),South Sea Pokémon
1.0 m (3′03″),23.4 kg (51.6 lbs),Longevity Pokémon
0.6 m (2′00″),8.7 kg (19.2 lbs),Rendezvous Pokémon
0.6 m (2′00″),42.1 kg (92.8 lbs),Rock Head Pokémon
1.1 m (3′07″),110.5 kg (243.6 lbs),Endurance Pokémon
1.5 m (4′11″),102.6 kg (226.2 lbs),Dragon Pokémon
1.5 m (4′11″),102.6 kg (226.2 lbs),Dragon Pokémon
0.6 m (2′00″),95.2 kg (209.9 lbs),Iron Ball Pokémon
1.2 m (3′11″),202.5 kg (446.4 lbs),Iron Claw Pokémon
1.6 m (5′03″),550.0 kg (1212.5 lbs),Iron Leg Pokémon
1.6 m (5′03″),550.0 kg (1212.5 lbs),Iron Leg Pokémon
1.7 m (5′07″),230.0 kg (507.1 lbs),Rock Peak Pokémon
1.8 m (5′11″),175.0 kg (385.8 lbs),Iceberg Pokémon
1.9 m (6′03″),205.0 kg (451.9 lbs),Iron Pokémon
1.4 m (4′07″),40.0 kg (88.2 lbs),Eon Pokémon
1.4 m (4′07″),40.0 kg (88.2 lbs),Eon Pokémon
2.0 m (6′07″),60.0 kg (132.3 lbs),Eon Pokémon
2.0 m (6′07″),60.0 kg (132.3 lbs),Eon Pokémon
4.5 m (14′09″),352.0 kg (776.0 lbs),Sea Basin Pokémon
4.5 m (14′09″),352.0 kg (776.0 lbs),Sea Basin Pokémon
3.5 m (11′06″),950.0 kg (2094.4 lbs),Continent Pokémon
3.5 m (11′06″),950.0 kg (2094.4 lbs),Continent Pokémon
7.0 m (23′00″),206.5 kg (455.3 lbs),Sky High Pokémon
7.0 m (23′00″),206.5 kg (455.3 lbs),Sky High Pokémon
0.3 m (1′00″),1.1 kg (2.4 lbs),Wish Pokémon
1.7 m (5′07″),60.8 kg (134.0 lbs),DNA Pokémon
1.7 m (5′07″),60.8 kg (134.0 lbs),DNA Pokémon
1.7 m (5′07″),60.8 kg (134.0 lbs),DNA Pokémon
1.7 m (5′07″),60.8 kg (134.0 lbs),DNA Pokémon
0.4 m (1′04″),10.2 kg (22.5 lbs),Tiny Leaf Pokémon
1.1 m (3′07″),97.0 kg (213.8 lbs),Grove Pokémon
2.2 m (7′03″),310.0 kg (683.4 lbs),Continent Pokémon
0.5 m (1′08″),6.2 kg (13.7 lbs),Chimp Pokémon
0.9 m (2′11″),22.0 kg (48.5 lbs),Playful Pokémon
1.2 m (3′11″),55.0 kg (121.3 lbs),Flame Pokémon
0.4 m (1′04″),5.2 kg (11.5 lbs),Penguin Pokémon
0.8 m (2′07″),23.0 kg (50.7 lbs),Penguin Pokémon
1.7 m (5′07″),84.5 kg (186.3 lbs),Emperor Pokémon
0.3 m (1′00″),2.0 kg (4.4 lbs),Starling Pokémon
0.6 m (2′00″),15.5 kg (34.2 lbs),Starling Pokémon
1.2 m (3′11″),24.9 kg (54.9 lbs),Predator Pokémon
0.5 m (1′08″),20.0 kg (44.1 lbs),Plump Mouse Pokémon
1.0 m (3′03″),31.5 kg (69.4 lbs),Beaver Pokémon
0.3 m (1′00″),2.2 kg (4.9 lbs),Cricket Pokémon
1.0 m (3′03″),25.5 kg (56.2 lbs),Cricket Pokémon
0.5 m (1′08″),9.5 kg (20.9 lbs),Flash Pokémon
0.9 m (2′11″),30.5 kg (67.2 lbs),Spark Pokémon
1.4 m (4′07″),42.0 kg (92.6 lbs),Gleam Eyes Pokémon
0.2 m (0′08″),1.2 kg (2.6 lbs),Bud Pokémon
0.9 m (2′11″),14.5 kg (32.0 lbs),Bouquet Pokémon
0.9 m (2′11″),31.5 kg (69.4 lbs),Head Butt Pokémon
1.6 m (5′03″),102.5 kg (226.0 lbs),Head Butt Pokémon
0.5 m (1′08″),57.0 kg (125.7 lbs),Shield Pokémon
1.3 m (4′03″),149.5 kg (329.6 lbs),Shield Pokémon
0.2 m (0′08″),3.4 kg (7.5 lbs),Bagworm Pokémon
0.5 m (1′08″),6.5 kg (14.3 lbs),Bagworm Pokémon
0.5 m (1′08″),6.5 kg (14.3 lbs),Bagworm Pokémon
0.5 m (1′08″),6.5 kg (14.3 lbs),Bagworm Pokémon
0.9 m (2′11″),23.3 kg (51.4 lbs),Moth Pokémon
0.3 m (1′00″),5.5 kg (12.1 lbs),Tiny Bee Pokémon
1.2 m (3′11″),38.5 kg (84.9 lbs),Beehive Pokémon
0.4 m (1′04″),3.9 kg (8.6 lbs),EleSquirrel Pokémon
0.7 m (2′04″),29.5 kg (65.0 lbs),Sea Weasel Pokémon
1.1 m (3′07″),33.5 kg (73.9 lbs),Sea Weasel Pokémon
0.4 m (1′04″),3.3 kg (7.3 lbs),Cherry Pokémon
0.5 m (1′08″),9.3 kg (20.5 lbs),Blossom Pokémon
0.3 m (1′00″),6.3 kg (13.9 lbs),Sea Slug Pokémon
0.9 m (2′11″),29.9 kg (65.9 lbs),Sea Slug Pokémon
1.2 m (3′11″),20.3 kg (44.8 lbs),Long Tail Pokémon
0.4 m (1′04″),1.2 kg (2.6 lbs),Balloon Pokémon
1.2 m (3′11″),15.0 kg (33.1 lbs),Blimp Pokémon
0.4 m (1′04″),5.5 kg (12.1 lbs),Rabbit Pokémon
1.2 m (3′11″),33.3 kg (73.4 lbs),Rabbit Pokémon
1.2 m (3′11″),33.3 kg (73.4 lbs),Rabbit Pokémon
0.9 m (2′11″),4.4 kg (9.7 lbs),Magical Pokémon
0.9 m (2′11″),27.3 kg (60.2 lbs),Big Boss Pokémon
0.5 m (1′08″),3.9 kg (8.6 lbs),Catty Pokémon
1.0 m (3′03″),43.8 kg (96.6 lbs),Tiger Cat Pokémon
0.2 m (0′08″),0.6 kg (1.3 lbs),Bell Pokémon
0.4 m (1′04″),19.2 kg (42.3 lbs),Skunk Pokémon
1.0 m (3′03″),38.0 kg (83.8 lbs),Skunk Pokémon
0.5 m (1′08″),60.5 kg (133.4 lbs),Bronze Pokémon
1.3 m (4′03″),187.0 kg (412.3 lbs),Bronze Bell Pokémon
0.5 m (1′08″),15.0 kg (33.1 lbs),Bonsai Pokémon
0.6 m (2′00″),13.0 kg (28.7 lbs),Mime Pokémon
0.6 m (2′00″),24.4 kg (53.8 lbs),Playhouse Pokémon
0.5 m (1′08″),1.9 kg (4.2 lbs),Music Note Pokémon
1.0 m (3′03″),108.0 kg (238.1 lbs),Forbidden Pokémon
0.7 m (2′04″),20.5 kg (45.2 lbs),Land Shark Pokémon
1.4 m (4′07″),56.0 kg (123.5 lbs),Cave Pokémon
1.9 m (6′03″),95.0 kg (209.4 lbs),Mach Pokémon
1.9 m (6′03″),95.0 kg (209.4 lbs),Mach Pokémon
0.6 m (2′00″),105.0 kg (231.5 lbs),Big Eater Pokémon
0.7 m (2′04″),20.2 kg (44.5 lbs),Emanation Pokémon
1.2 m (3′11″),54.0 kg (119.0 lbs),Aura Pokémon
1.2 m (3′11″),54.0 kg (119.0 lbs),Aura Pokémon
0.8 m (2′07″),49.5 kg (109.1 lbs),Hippo Pokémon
2.0 m (6′07″),300.0 kg (661.4 lbs),Heavyweight Pokémon
0.8 m (2′07″),12.0 kg (26.5 lbs),Scorpion Pokémon
1.3 m (4′03″),61.5 kg (135.6 lbs),Ogre Scorp Pokémon
0.7 m (2′04″),23.0 kg (50.7 lbs),Toxic Mouth Pokémon
1.3 m (4′03″),44.4 kg (97.9 lbs),Toxic Mouth Pokémon
1.4 m (4′07″),27.0 kg (59.5 lbs),Bug Catcher Pokémon
0.4 m (1′04″),7.0 kg (15.4 lbs),Wing Fish Pokémon
1.2 m (3′11″),24.0 kg (52.9 lbs),Neon Pokémon
1.0 m (3′03″),65.0 kg (143.3 lbs),Kite Pokémon
1.0 m (3′03″),50.5 kg (111.3 lbs),Frost Tree Pokémon
2.2 m (7′03″),135.5 kg (298.7 lbs),Frost Tree Pokémon
2.2 m (7′03″),135.5 kg (298.7 lbs),Frost Tree Pokémon
1.1 m (3′07″),34.0 kg (75.0 lbs),Sharp Claw Pokémon
1.2 m (3′11″),180.0 kg (396.8 lbs),Magnet Area Pokémon
1.7 m (5′07″),140.0 kg (308.6 lbs),Licking Pokémon
2.4 m (7′10″),282.8 kg (623.5 lbs),Drill Pokémon
2.0 m (6′07″),128.6 kg (283.5 lbs),Vine Pokémon
1.8 m (5′11″),138.6 kg (305.6 lbs),Thunderbolt Pokémon
1.6 m (5′03″),68.0 kg (149.9 lbs),Blast Pokémon
1.5 m (4′11″),38.0 kg (83.8 lbs),Jubilee Pokémon
1.9 m (6′03″),51.5 kg (113.5 lbs),Ogre Darner Pokémon
1.0 m (3′03″),25.5 kg (56.2 lbs),Verdant Pokémon
0.8 m (2′07″),25.9 kg (57.1 lbs),Fresh Snow Pokémon
2.0 m (6′07″),42.5 kg (93.7 lbs),Fang Scorp Pokémon
2.5 m (8′02″),291.0 kg (641.5 lbs),Twin Tusk Pokémon
0.9 m (2′11″),34.0 kg (75.0 lbs),Virtual Pokémon
1.6 m (5′03″),52.0 kg (114.6 lbs),Blade Pokémon
1.6 m (5′03″),52.0 kg (114.6 lbs),Blade Pokémon
1.4 m (4′07″),340.0 kg (749.6 lbs),Compass Pokémon
2.2 m (7′03″),106.6 kg (235.0 lbs),Gripper Pokémon
1.3 m (4′03″),26.6 kg (58.6 lbs),Snow Land Pokémon
0.3 m (1′00″),0.3 kg (0.7 lbs),Plasma Pokémon
0.3 m (1′00″),0.3 kg (0.7 lbs),Plasma Pokémon
0.3 m (1′00″),0.3 kg (0.7 lbs),Plasma Pokémon
0.3 m (1′00″),0.3 kg (0.7 lbs),Plasma Pokémon
0.3 m (1′00″),0.3 kg (0.7 lbs),Plasma Pokémon
0.3 m (1′00″),0.3 kg (0.7 lbs),Plasma Pokémon
0.3 m (1′00″),0.3 kg (0.7 lbs),Knowledge Pokémon
0.3 m (1′00″),0.3 kg (0.7 lbs),Emotion Pokémon
0.3 m (1′00″),0.3 kg (0.7 lbs),Willpower Pokémon
5.4 m (17′09″),683.0 kg (1505.8 lbs),Temporal Pokémon
4.2 m (13′09″),336.0 kg (740.8 lbs),Spatial Pokémon
1.7 m (5′07″),430.0 kg (948.0 lbs),Lava Dome Pokémon
3.7 m (12′02″),420.0 kg (925.9 lbs),Colossal Pokémon
4.5 m (14′09″),750.0 kg (1653.5 lbs),Renegade Pokémon
4.5 m (14′09″),750.0 kg (1653.5 lbs),Renegade Pokémon
1.5 m (4′11″),85.6 kg (188.7 lbs),Lunar Pokémon
0.4 m (1′04″),3.1 kg (6.8 lbs),Sea Drifter Pokémon
0.3 m (1′00″),1.4 kg (3.1 lbs),Seafaring Pokémon
1.5 m (4′11″),50.5 kg (111.3 lbs),Pitch-Black Pokémon
0.2 m (0′08″),2.1 kg (4.6 lbs),Gratitude Pokémon
0.2 m (0′08″),2.1 kg (4.6 lbs),Gratitude Pokémon
3.2 m (10′06″),320.0 kg (705.5 lbs),Alpha Pokémon
0.4 m (1′04″),4.0 kg (8.8 lbs),Victory Pokémon
0.6 m (2′00″),8.1 kg (17.9 lbs),Grass Snake Pokémon
0.8 m (2′07″),16.0 kg (35.3 lbs),Grass Snake Pokémon
3.3 m (10′10″),63.0 kg (138.9 lbs),Regal Pokémon
0.5 m (1′08″),9.9 kg (21.8 lbs),Fire Pig Pokémon
1.0 m (3′03″),55.5 kg (122.4 lbs),Fire Pig Pokémon
1.6 m (5′03″),150.0 kg (330.7 lbs),Mega Fire Pig Pokémon
0.5 m (1′08″),5.9 kg (13.0 lbs),Sea Otter Pokémon
0.8 m (2′07″),24.5 kg (54.0 lbs),Discipline Pokémon
1.5 m (4′11″),94.6 kg (208.6 lbs),Formidable Pokémon
0.5 m (1′08″),11.6 kg (25.6 lbs),Scout Pokémon
1.1 m (3′07″),27.0 kg (59.5 lbs),Lookout Pokémon
0.4 m (1′04″),4.1 kg (9.0 lbs),Puppy Pokémon
0.9 m (2′11″),14.7 kg (32.4 lbs),Loyal Dog Pokémon
1.2 m (3′11″),61.0 kg (134.5 lbs),Big-Hearted Pokémon
0.4 m (1′04″),10.1 kg (22.3 lbs),Devious Pokémon
1.1 m (3′07″),37.5 kg (82.7 lbs),Cruel Pokémon
0.6 m (2′00″),10.5 kg (23.1 lbs),Grass Monkey Pokémon
1.1 m (3′07″),30.5 kg (67.2 lbs),Thorn Monkey Pokémon
0.6 m (2′00″),11.0 kg (24.3 lbs),High Temp Pokémon
1.0 m (3′03″),28.0 kg (61.7 lbs),Ember Pokémon
0.6 m (2′00″),13.5 kg (29.8 lbs),Spray Pokémon
1.0 m (3′03″),29.0 kg (63.9 lbs),Geyser Pokémon
0.6 m (2′00″),23.3 kg (51.4 lbs),Dream Eater Pokémon
1.1 m (3′07″),60.5 kg (133.4 lbs),Drowsing Pokémon
0.3 m (1′00″),2.1 kg (4.6 lbs),Tiny Pigeon Pokémon
0.6 m (2′00″),15.0 kg (33.1 lbs),Wild Pigeon Pokémon
1.2 m (3′11″),29.0 kg (63.9 lbs),Proud Pokémon
0.8 m (2′07″),29.8 kg (65.7 lbs),Electrified Pokémon
1.6 m (5′03″),79.5 kg (175.3 lbs),Thunderbolt Pokémon
0.4 m (1′04″),18.0 kg (39.7 lbs),Mantle Pokémon
0.9 m (2′11″),102.0 kg (224.9 lbs),Ore Pokémon
1.7 m (5′07″),260.0 kg (573.2 lbs),Compressed Pokémon
0.4 m (1′04″),2.1 kg (4.6 lbs),Bat Pokémon
0.9 m (2′11″),10.5 kg (23.1 lbs),Courting Pokémon
0.3 m (1′00″),8.5 kg (18.7 lbs),Mole Pokémon
0.7 m (2′04″),40.4 kg (89.1 lbs),Subterrene Pokémon
1.1 m (3′07″),31.0 kg (68.3 lbs),Hearing Pokémon
1.1 m (3′07″),31.0 kg (68.3 lbs),Hearing Pokémon
0.6 m (2′00″),12.5 kg (27.6 lbs),Muscular Pokémon
1.2 m (3′11″),40.0 kg (88.2 lbs),Muscular Pokémon
1.4 m (4′07″),87.0 kg (191.8 lbs),Muscular Pokémon
0.5 m (1′08″),4.5 kg (9.9 lbs),Tadpole Pokémon
0.8 m (2′07″),17.0 kg (37.5 lbs),Vibration Pokémon
1.5 m (4′11″),62.0 kg (136.7 lbs),Vibration Pokémon
1.3 m (4′03″),55.5 kg (122.4 lbs),Judo Pokémon
1.4 m (4′07″),51.0 kg (112.4 lbs),Karate Pokémon
0.3 m (1′00″),2.5 kg (5.5 lbs),Sewing Pokémon
0.5 m (1′08″),7.3 kg (16.1 lbs),Leaf-Wrapped Pokémon
1.2 m (3′11″),20.5 kg (45.2 lbs),Nurturing Pokémon
0.4 m (1′04″),5.3 kg (11.7 lbs),Centipede Pokémon
1.2 m (3′11″),58.5 kg (129.0 lbs),Curlipede Pokémon
2.5 m (8′02″),200.5 kg (442.0 lbs),Megapede Pokémon
0.3 m (1′00″),0.6 kg (1.3 lbs),Cotton Puff Pokémon
0.7 m (2′04″),6.6 kg (14.6 lbs),Windveiled Pokémon
0.5 m (1′08″),6.6 kg (14.6 lbs),Bulb Pokémon
1.1 m (3′07″),16.3 kg (35.9 lbs),Flowering Pokémon
1.0 m (3′03″),18.0 kg (39.7 lbs),Hostile Pokémon
1.0 m (3′03″),18.0 kg (39.7 lbs),Hostile Pokémon
0.7 m (2′04″),15.2 kg (33.5 lbs),Desert Croc Pokémon
1.0 m (3′03″),33.4 kg (73.6 lbs),Desert Croc Pokémon
1.5 m (4′11″),96.3 kg (212.3 lbs),Intimidation Pokémon
0.6 m (2′00″),37.5 kg (82.7 lbs),Zen Charm Pokémon
0.6 m (2′00″),37.5 kg (82.7 lbs),Zen Charm Pokémon
1.3 m (4′03″),92.9 kg (204.8 lbs),Blazing Pokémon
1.3 m (4′03″),92.9 kg (204.8 lbs),Blazing Pokémon
1.3 m (4′03″),92.9 kg (204.8 lbs),Blazing Pokémon
1.3 m (4′03″),92.9 kg (204.8 lbs),Blazing Pokémon
1.0 m (3′03″),28.0 kg (61.7 lbs),Cactus Pokémon
0.3 m (1′00″),14.5 kg (32.0 lbs),Rock Inn Pokémon
1.4 m (4′07″),200.0 kg (440.9 lbs),Stone Home Pokémon
0.6 m (2′00″),11.8 kg (26.0 lbs),Shedding Pokémon
1.1 m (3′07″),30.0 kg (66.1 lbs),Hoodlum Pokémon
1.4 m (4′07″),14.0 kg (30.9 lbs),Avianoid Pokémon
0.5 m (1′08″),1.5 kg (3.3 lbs),Spirit Pokémon
0.5 m (1′08″),1.5 kg (3.3 lbs),Spirit Pokémon
1.7 m (5′07″),76.5 kg (168.7 lbs),Coffin Pokémon
0.7 m (2′04″),16.5 kg (36.4 lbs),Prototurtle Pokémon
1.2 m (3′11″),81.0 kg (178.6 lbs),Prototurtle Pokémon
0.5 m (1′08″),9.5 kg (20.9 lbs),First Bird Pokémon
1.4 m (4′07″),32.0 kg (70.5 lbs),First Bird Pokémon
0.6 m (2′00″),31.0 kg (68.3 lbs),Trash Bag Pokémon
1.9 m (6′03″),107.3 kg (236.6 lbs),Trash Heap Pokémon
0.7 m (2′04″),12.5 kg (27.6 lbs),Tricky Fox Pokémon
1.6 m (5′03″),81.1 kg (178.8 lbs),Illusion Fox Pokémon
0.4 m (1′04″),5.8 kg (12.8 lbs),Chinchilla Pokémon
0.5 m (1′08″),7.5 kg (16.5 lbs),Scarf Pokémon
0.4 m (1′04″),5.8 kg (12.8 lbs),Fixation Pokémon
0.7 m (2′04″),18.0 kg (39.7 lbs),Manipulate Pokémon
1.5 m (4′11″),44.0 kg (97.0 lbs),Astral Body Pokémon
0.3 m (1′00″),1.0 kg (2.2 lbs),Cell Pokémon
0.6 m (2′00″),8.0 kg (17.6 lbs),Mitosis Pokémon
1.0 m (3′03″),20.1 kg (44.3 lbs),Multiplying Pokémon
0.5 m (1′08″),5.5 kg (12.1 lbs),Water Bird Pokémon
1.3 m (4′03″),24.2 kg (53.4 lbs),White Bird Pokémon
0.4 m (1′04″),5.7 kg (12.6 lbs),Fresh Snow Pokémon
1.1 m (3′07″),41.0 kg (90.4 lbs),Icy Snow Pokémon
1.3 m (4′03″),57.5 kg (126.8 lbs),Snowstorm Pokémon
0.6 m (2′00″),19.5 kg (43.0 lbs),Season Pokémon
1.9 m (6′03″),92.5 kg (203.9 lbs),Season Pokémon
0.4 m (1′04″),5.0 kg (11.0 lbs),Sky Squirrel Pokémon
0.5 m (1′08″),5.9 kg (13.0 lbs),Clamping Pokémon
1.0 m (3′03″),33.0 kg (72.8 lbs),Cavalry Pokémon
0.2 m (0′08″),1.0 kg (2.2 lbs),Mushroom Pokémon
0.6 m (2′00″),10.5 kg (23.1 lbs),Mushroom Pokémon
1.2 m (3′11″),33.0 kg (72.8 lbs),Floating Pokémon
2.2 m (7′03″),135.0 kg (297.6 lbs),Floating Pokémon
1.2 m (3′11″),31.6 kg (69.7 lbs),Caring Pokémon
0.1 m (0′04″),0.6 kg (1.3 lbs),Attaching Pokémon
0.8 m (2′07″),14.3 kg (31.5 lbs),EleSpider Pokémon
0.6 m (2′00″),18.8 kg (41.4 lbs),Thorn Seed Pokémon
1.0 m (3′03″),110.0 kg (242.5 lbs),Thorn Pod Pokémon
0.3 m (1′00″),21.0 kg (46.3 lbs),Gear Pokémon
0.6 m (2′00″),51.0 kg (112.4 lbs),Gear Pokémon
0.6 m (2′00″),81.0 kg (178.6 lbs),Gear Pokémon
0.2 m (0′08″),0.3 kg (0.7 lbs),EleFish Pokémon
1.2 m (3′11″),22.0 kg (48.5 lbs),EleFish Pokémon
2.1 m (6′11″),80.5 kg (177.5 lbs),EleFish Pokémon
0.5 m (1′08″),9.0 kg (19.8 lbs),Cerebral Pokémon
1.0 m (3′03″),34.5 kg (76.1 lbs),Cerebral Pokémon
0.3 m (1′00″),3.1 kg (6.8 lbs),Candle Pokémon
0.6 m (2′00″),13.0 kg (28.7 lbs),Lamp Pokémon
1.0 m (3′03″),34.3 kg (75.6 lbs),Luring Pokémon
0.6 m (2′00″),18.0 kg (39.7 lbs),Tusk Pokémon
1.0 m (3′03″),36.0 kg (79.4 lbs),Axe Jaw Pokémon
1.8 m (5′11″),105.5 kg (232.6 lbs),Axe Jaw Pokémon
0.5 m (1′08″),8.5 kg (18.7 lbs),Chill Pokémon
2.6 m (8′06″),260.0 kg (573.2 lbs),Freezing Pokémon
1.1 m (3′07″),148.0 kg (326.3 lbs),Crystallizing Pokémon
0.4 m (1′04″),7.7 kg (17.0 lbs),Snail Pokémon
0.8 m (2′07″),25.3 kg (55.8 lbs),Shell Out Pokémon
0.7 m (2′04″),11.0 kg (24.3 lbs),Trap Pokémon
0.7 m (2′04″),11.0 kg (24.3 lbs),Trap Pokémon
0.9 m (2′11″),20.0 kg (44.1 lbs),Martial Arts Pokémon
1.4 m (4′07″),35.5 kg (78.3 lbs),Martial Arts Pokémon
1.6 m (5′03″),139.0 kg (306.4 lbs),Cave Pokémon
1.0 m (3′03″),92.0 kg (202.8 lbs),Automaton Pokémon
2.8 m (9′02″),330.0 kg (727.5 lbs),Automaton Pokémon
0.5 m (1′08″),10.2 kg (22.5 lbs),Sharp Blade Pokémon
1.6 m (5′03″),70.0 kg (154.3 lbs),Sword Blade Pokémon
1.6 m (5′03″),94.6 kg (208.6 lbs),Bash Buffalo Pokémon
0.5 m (1′08″),10.5 kg (23.1 lbs),Eaglet Pokémon
1.5 m (4′11″),41.0 kg (90.4 lbs),Valiant Pokémon
0.5 m (1′08″),9.0 kg (19.8 lbs),Diapered Pokémon
1.2 m (3′11″),39.5 kg (87.1 lbs),Bone Vulture Pokémon
1.4 m (4′07″),58.0 kg (127.9 lbs),Anteater Pokémon
0.3 m (1′00″),33.0 kg (72.8 lbs),Iron Ant Pokémon
0.8 m (2′07″),17.3 kg (38.1 lbs),Irate Pokémon
1.4 m (4′07″),50.0 kg (110.2 lbs),Hostile Pokémon
1.8 m (5′11″),160.0 kg (352.7 lbs),Brutal Pokémon
1.1 m (3′07″),28.8 kg (63.5 lbs),Torch Pokémon
1.6 m (5′03″),46.0 kg (101.4 lbs),Sun Pokémon
2.1 m (6′11″),250.0 kg (551.2 lbs),Iron Will Pokémon
1.9 m (6′03″),260.0 kg (573.2 lbs),Cavern Pokémon
2.0 m (6′07″),200.0 kg (440.9 lbs),Grassland Pokémon
1.5 m (4′11″),63.0 kg (138.9 lbs),Cyclone Pokémon
1.5 m (4′11″),63.0 kg (138.9 lbs),Cyclone Pokémon
1.5 m (4′11″),61.0 kg (134.5 lbs),Bolt Strike Pokémon
1.5 m (4′11″),61.0 kg (134.5 lbs),Bolt Strike Pokémon
3.2 m (10′06″),330.0 kg (727.5 lbs),Vast White Pokémon
2.9 m (9′06″),345.0 kg (760.6 lbs),Deep Black Pokémon
1.5 m (4′11″),68.0 kg (149.9 lbs),Abundance Pokémon
1.5 m (4′11″),68.0 kg (149.9 lbs),Abundance Pokémon
3.0 m (9′10″),325.0 kg (716.5 lbs),Boundary Pokémon
3.0 m (9′10″),325.0 kg (716.5 lbs),Boundary Pokémon
3.0 m (9′10″),325.0 kg (716.5 lbs),Boundary Pokémon
1.4 m (4′07″),48.5 kg (106.9 lbs),Colt Pokémon
1.4 m (4′07″),48.5 kg (106.9 lbs),Colt Pokémon
0.6 m (2′00″),6.5 kg (14.3 lbs),Melody Pokémon
0.6 m (2′00″),6.5 kg (14.3 lbs),Melody Pokémon
1.5 m (4′11″),82.5 kg (181.9 lbs),Paleozoic Pokémon
0.4 m (1′04″),9.0 kg (19.8 lbs),Spiny Nut Pokémon
0.7 m (2′04″),29.0 kg (63.9 lbs),Spiny Armor Pokémon
1.6 m (5′03″),90.0 kg (198.4 lbs),Spiny Armor Pokémon
0.4 m (1′04″),9.4 kg (20.7 lbs),Fox Pokémon
1.0 m (3′03″),14.5 kg (32.0 lbs),Fox Pokémon
1.5 m (4′11″),39.0 kg (86.0 lbs),Fox Pokémon
0.3 m (1′00″),7.0 kg (15.4 lbs),Bubble Frog Pokémon
0.6 m (2′00″),10.9 kg (24.0 lbs),Bubble Frog Pokémon
1.5 m (4′11″),40.0 kg (88.2 lbs),Ninja Pokémon
1.5 m (4′11″),40.0 kg (88.2 lbs),Ninja Pokémon
0.4 m (1′04″),5.0 kg (11.0 lbs),Digging Pokémon
1.0 m (3′03″),42.4 kg (93.5 lbs),Digging Pokémon
0.3 m (1′00″),1.7 kg (3.7 lbs),Tiny Robin Pokémon
0.7 m (2′04″),16.0 kg (35.3 lbs),Ember Pokémon
1.2 m (3′11″),24.5 kg (54.0 lbs),Scorching Pokémon
0.3 m (1′00″),2.5 kg (5.5 lbs),Scatterdust Pokémon
0.3 m (1′00″),8.4 kg (18.5 lbs),Scatterdust Pokémon
1.2 m (3′11″),17.0 kg (37.5 lbs),Scale Pokémon
0.6 m (2′00″),13.5 kg (29.8 lbs),Lion Cub Pokémon
1.5 m (4′11″),81.5 kg (179.7 lbs),Royal Pokémon
0.1 m (0′04″),0.1 kg (0.2 lbs),Single Bloom Pokémon
0.2 m (0′08″),0.9 kg (2.0 lbs),Single Bloom Pokémon
1.1 m (3′07″),10.0 kg (22.0 lbs),Garden Pokémon
0.9 m (2′11″),31.0 kg (68.3 lbs),Mount Pokémon
1.7 m (5′07″),91.0 kg (200.6 lbs),Mount Pokémon
0.6 m (2′00″),8.0 kg (17.6 lbs),Playful Pokémon
2.1 m (6′11″),136.0 kg (299.8 lbs),Daunting Pokémon
1.2 m (3′11″),28.0 kg (61.7 lbs),Poodle Pokémon
0.3 m (1′00″),3.5 kg (7.7 lbs),Restraint Pokémon
0.6 m (2′00″),8.5 kg (18.7 lbs),Constraint Pokémon
0.6 m (2′00″),8.5 kg (18.7 lbs),Constraint Pokémon
0.8 m (2′07″),2.0 kg (4.4 lbs),Sword Pokémon
0.8 m (2′07″),4.5 kg (9.9 lbs),Sword Pokémon
1.7 m (5′07″),53.0 kg (116.8 lbs),Royal Sword Pokémon
1.7 m (5′07″),53.0 kg (116.8 lbs),Royal Sword Pokémon
0.2 m (0′08″),0.5 kg (1.1 lbs),Perfume Pokémon
0.8 m (2′07″),15.5 kg (34.2 lbs),Fragrance Pokémon
0.4 m (1′04″),3.5 kg (7.7 lbs),Cotton Candy Pokémon
0.8 m (2′07″),5.0 kg (11.0 lbs),Meringue Pokémon
0.4 m (1′04″),3.5 kg (7.7 lbs),Revolving Pokémon
1.5 m (4′11″),47.0 kg (103.6 lbs),Overturning Pokémon
0.5 m (1′08″),31.0 kg (68.3 lbs),Two-Handed Pokémon
1.3 m (4′03″),96.0 kg (211.6 lbs),Collective Pokémon
0.5 m (1′08″),7.3 kg (16.1 lbs),Mock Kelp Pokémon
1.8 m (5′11″),81.5 kg (179.7 lbs),Mock Kelp Pokémon
0.5 m (1′08″),8.3 kg (18.3 lbs),Water Gun Pokémon
1.3 m (4′03″),35.3 kg (77.8 lbs),Howitzer Pokémon
0.5 m (1′08″),6.0 kg (13.2 lbs),Generator Pokémon
1.0 m (3′03″),21.0 kg (46.3 lbs),Generator Pokémon
0.8 m (2′07″),26.0 kg (57.3 lbs),Royal Heir Pokémon
2.5 m (8′02″),270.0 kg (595.2 lbs),Despot Pokémon
1.3 m (4′03″),25.2 kg (55.6 lbs),Tundra Pokémon
2.7 m (8′10″),225.0 kg (496.0 lbs),Tundra Pokémon
1.0 m (3′03″),23.5 kg (51.8 lbs),Intertwining Pokémon
0.8 m (2′07″),21.5 kg (47.4 lbs),Wrestling Pokémon
0.2 m (0′08″),2.2 kg (4.9 lbs),Antenna Pokémon
0.3 m (1′00″),5.7 kg (12.6 lbs),Jewel Pokémon
0.3 m (1′00″),2.8 kg (6.2 lbs),Soft Tissue Pokémon
0.8 m (2′07″),17.5 kg (38.6 lbs),Soft Tissue Pokémon
2.0 m (6′07″),150.5 kg (331.8 lbs),Dragon Pokémon
0.2 m (0′08″),3.0 kg (6.6 lbs),Key Ring Pokémon
0.4 m (1′04″),7.0 kg (15.4 lbs),Stump Pokémon
1.5 m (4′11″),71.0 kg (156.5 lbs),Elder Tree Pokémon
0.4 m (1′04″),5.0 kg (11.0 lbs),Pumpkin Pokémon
0.4 m (1′04″),5.0 kg (11.0 lbs),Pumpkin Pokémon
0.4 m (1′04″),5.0 kg (11.0 lbs),Pumpkin Pokémon
0.4 m (1′04″),5.0 kg (11.0 lbs),Pumpkin Pokémon
0.9 m (2′11″),12.5 kg (27.6 lbs),Pumpkin Pokémon
0.9 m (2′11″),12.5 kg (27.6 lbs),Pumpkin Pokémon
0.9 m (2′11″),12.5 kg (27.6 lbs),Pumpkin Pokémon
0.9 m (2′11″),12.5 kg (27.6 lbs),Pumpkin Pokémon
1.0 m (3′03″),99.5 kg (219.4 lbs),Ice Chunk Pokémon
2.0 m (6′07″),505.0 kg (1113.3 lbs),Iceberg Pokémon
0.5 m (1′08″),8.0 kg (17.6 lbs),Sound Wave Pokémon
1.5 m (4′11″),85.0 kg (187.4 lbs),Sound Wave Pokémon
3.0 m (9′10″),215.0 kg (474.0 lbs),Life Pokémon
5.8 m (19′00″),203.0 kg (447.5 lbs),Destruction Pokémon
5.0 m (16′05″),305.0 kg (672.4 lbs),Order Pokémon
5.0 m (16′05″),305.0 kg (672.4 lbs),Order Pokémon
5.0 m (16′05″),305.0 kg (672.4 lbs),Order Pokémon
0.7 m (2′04″),8.8 kg (19.4 lbs),Jewel Pokémon
0.7 m (2′04″),8.8 kg (19.4 lbs),Jewel Pokémon
0.5 m (1′08″),9.0 kg (19.8 lbs),Mischief Pokémon
0.5 m (1′08″),9.0 kg (19.8 lbs),Mischief Pokémon
1.7 m (5′07″),195.0 kg (429.9 lbs),Steam Pokémon
0.3 m (1′00″),1.5 kg (3.3 lbs),Grass Quill Pokémon
0.7 m (2′04″),16.0 kg (35.3 lbs),Blade Quill Pokémon
1.6 m (5′03″),36.6 kg (80.7 lbs),Arrow Quill Pokémon
0.4 m (1′04″),4.3 kg (9.5 lbs),Fire Cat Pokémon
0.7 m (2′04″),25.0 kg (55.1 lbs),Fire Cat Pokémon
1.8 m (5′11″),83.0 kg (183.0 lbs),Heel Pokémon
0.4 m (1′04″),7.5 kg (16.5 lbs),Sea Lion Pokémon
0.6 m (2′00″),17.5 kg (38.6 lbs),Pop Star Pokémon
1.8 m (5′11″),44.0 kg (97.0 lbs),Soloist Pokémon
0.3 m (1′00″),1.2 kg (2.6 lbs),Woodpecker Pokémon
0.6 m (2′00″),14.8 kg (32.6 lbs),Bugle Beak Pokémon
1.1 m (3′07″),26.0 kg (57.3 lbs),Cannon Pokémon
0.4 m (1′04″),6.0 kg (13.2 lbs),Loitering Pokémon
0.7 m (2′04″),14.2 kg (31.3 lbs),Stakeout Pokémon
0.4 m (1′04″),4.4 kg (9.7 lbs),Larva Pokémon
0.5 m (1′08″),10.5 kg (23.1 lbs),Battery Pokémon
1.5 m (4′11″),45.0 kg (99.2 lbs),Stag Beetle Pokémon
0.6 m (2′00″),7.0 kg (15.4 lbs),Boxing Pokémon
1.7 m (5′07″),180.0 kg (396.8 lbs),Woolly Crab Pokémon
0.6 m (2′00″),3.4 kg (7.5 lbs),Dancing Pokémon
0.6 m (2′00″),3.4 kg (7.5 lbs),Dancing Pokémon
0.6 m (2′00″),3.4 kg (7.5 lbs),Dancing Pokémon
0.6 m (2′00″),3.4 kg (7.5 lbs),Dancing Pokémon
0.1 m (0′04″),0.2 kg (0.4 lbs),Bee Fly Pokémon
0.2 m (0′08″),0.5 kg (1.1 lbs),Bee Fly Pokémon
0.5 m (1′08″),9.2 kg (20.3 lbs),Puppy Pokémon
0.5 m (1′08″),9.2 kg (20.3 lbs),Puppy Pokémon
0.8 m (2′07″),25.0 kg (55.1 lbs),Wolf Pokémon
0.8 m (2′07″),25.0 kg (55.1 lbs),Wolf Pokémon
0.8 m (2′07″),25.0 kg (55.1 lbs),Wolf Pokémon
0.2 m (0′08″),0.3 kg (0.7 lbs),Small Fry Pokémon
0.2 m (0′08″),0.3 kg (0.7 lbs),Small Fry Pokémon
0.4 m (1′04″),8.0 kg (17.6 lbs),Brutal Star Pokémon
0.7 m (2′04″),14.5 kg (32.0 lbs),Brutal Star Pokémon
1.0 m (3′03″),110.0 kg (242.5 lbs),Donkey Pokémon
2.5 m (8′02″),920.0 kg (2028.3 lbs),Draft Horse Pokémon
0.3 m (1′00″),4.0 kg (8.8 lbs),Water Bubble Pokémon
1.8 m (5′11″),82.0 kg (180.8 lbs),Water Bubble Pokémon
0.3 m (1′00″),1.5 kg (3.3 lbs),Sickle Grass Pokémon
0.9 m (2′11″),18.5 kg (40.8 lbs),Bloom Sickle Pokémon
0.2 m (0′08″),1.5 kg (3.3 lbs),Illuminating Pokémon
1.0 m (3′03″),11.5 kg (25.4 lbs),Illuminating Pokémon
0.6 m (2′00″),4.8 kg (10.6 lbs),Toxic Lizard Pokémon
1.2 m (3′11″),22.2 kg (48.9 lbs),Toxic Lizard Pokémon
0.5 m (1′08″),6.8 kg (15.0 lbs),Flailing Pokémon
2.1 m (6′11″),135.0 kg (297.6 lbs),Strong Arm Pokémon
0.3 m (1′00″),3.2 kg (7.1 lbs),Fruit Pokémon
0.7 m (2′04″),8.2 kg (18.1 lbs),Fruit Pokémon
1.2 m (3′11″),21.4 kg (47.2 lbs),Fruit Pokémon
0.1 m (0′04″),0.3 kg (0.7 lbs),Posy Picker Pokémon
1.5 m (4′11″),76.0 kg (167.6 lbs),Sage Pokémon
2.0 m (6′07″),82.8 kg (182.5 lbs),Teamwork Pokémon
0.5 m (1′08″),12.0 kg (26.5 lbs),Turn Tail Pokémon
2.0 m (6′07″),108.0 kg (238.1 lbs),Hard Scale Pokémon
0.5 m (1′08″),70.0 kg (154.3 lbs),Sand Heap Pokémon
1.3 m (4′03″),250.0 kg (551.2 lbs),Sand Castle Pokémon
0.3 m (1′00″),1.2 kg (2.6 lbs),Sea Cucumber Pokémon
1.9 m (6′03″),120.5 kg (265.7 lbs),Synthetic Pokémon
2.3 m (7′07″),100.5 kg (221.6 lbs),Synthetic Pokémon
0.3 m (1′00″),40.0 kg (88.2 lbs),Meteor Pokémon
0.3 m (1′00″),40.0 kg (88.2 lbs),Meteor Pokémon
0.4 m (1′04″),19.9 kg (43.9 lbs),Drowsing Pokémon
2.0 m (6′07″),212.0 kg (467.4 lbs),Blast Turtle Pokémon
0.3 m (1′00″),3.3 kg (7.3 lbs),Roly-Poly Pokémon
0.2 m (0′08″),0.7 kg (1.5 lbs),Disguise Pokémon
0.9 m (2′11″),19.0 kg (41.9 lbs),Gnash Teeth Pokémon
3.0 m (9′10″),185.0 kg (407.9 lbs),Placid Pokémon
3.9 m (12′10″),210.0 kg (463.0 lbs),Sea Creeper Pokémon
0.6 m (2′00″),29.7 kg (65.5 lbs),Scaly Pokémon
1.2 m (3′11″),47.0 kg (103.6 lbs),Scaly Pokémon
1.6 m (5′03″),78.2 kg (172.4 lbs),Scaly Pokémon
1.8 m (5′11″),20.5 kg (45.2 lbs),Land Spirit Pokémon
1.2 m (3′11″),18.6 kg (41.0 lbs),Land Spirit Pokémon
1.9 m (6′03″),45.5 kg (100.3 lbs),Land Spirit Pokémon
1.3 m (4′03″),21.2 kg (46.7 lbs),Land Spirit Pokémon
0.2 m (0′08″),0.1 kg (0.2 lbs),Nebula Pokémon
0.1 m (0′04″),999.9 kg (2204.4 lbs),Protostar Pokémon
3.4 m (11′02″),230.0 kg (507.1 lbs),Sunne Pokémon
4.0 m (13′01″),120.0 kg (264.6 lbs),Moone Pokémon
1.2 m (3′11″),55.5 kg (122.4 lbs),Parasite Pokémon
2.4 m (7′10″),333.6 kg (735.5 lbs),Swollen Pokémon
1.8 m (5′11″),25.0 kg (55.1 lbs),Lissome Pokémon
3.8 m (12′06″),100.0 kg (220.5 lbs),Glowing Pokémon
9.2 m (30′02″),999.9 kg (2204.4 lbs),Launch Pokémon
0.3 m (1′00″),0.1 kg (0.2 lbs),Drawn Sword Pokémon
5.5 m (18′01″),888.0 kg (1957.7 lbs),Junkivore Pokémon
2.4 m (7′10″),230.0 kg (507.1 lbs),Prism Pokémon
2.4 m (7′10″),230.0 kg (507.1 lbs),Prism Pokémon
2.4 m (7′10″),230.0 kg (507.1 lbs),Prism Pokémon
2.4 m (7′10″),230.0 kg (507.1 lbs),Prism Pokémon
1.0 m (3′03″),80.5 kg (177.5 lbs),Artificial Pokémon
0.7 m (2′04″),22.2 kg (48.9 lbs),Gloomdweller Pokémon
0.6 m (2′00″),1.8 kg (4.0 lbs),Poison Pin Pokémon
3.6 m (11′10″),150.0 kg (330.7 lbs),Poison Pin Pokémon
5.5 m (18′01″),820.0 kg (1807.8 lbs),Rampart Pokémon
1.8 m (5′11″),13.0 kg (28.7 lbs),Fireworks Pokémon
1.5 m (4′11″),44.5 kg (98.1 lbs),Thunderclap Pokémon
0.2 m (0′08″),8.0 kg (17.6 lbs),Hex Nut Pokémon
2.5 m (8′02″),800.0 kg (1763.7 lbs),Hex Nut Pokémon
0.3 m (1′00″),5.0 kg (11.0 lbs),Chimp Pokémon
0.7 m (2′04″),14.0 kg (30.9 lbs),Beat Pokémon
2.1 m (6′11″),90.0 kg (198.4 lbs),Drummer Pokémon
0.3 m (1′00″),4.5 kg (9.9 lbs),Rabbit Pokémon
0.6 m (2′00″),9.0 kg (19.8 lbs),Rabbit Pokémon
1.4 m (4′07″),33.0 kg (72.8 lbs),Striker Pokémon
0.3 m (1′00″),4.0 kg (8.8 lbs),Water Lizard Pokémon
0.7 m (2′04″),11.5 kg (25.4 lbs),Water lizard Pokémon
1.9 m (6′03″),45.2 kg (99.6 lbs),Secret Agent Pokémon
0.3 m (1′00″),2.5 kg (5.5 lbs),Cheeky Pokémon
0.6 m (2′00″),6.0 kg (13.2 lbs),Greedy Pokémon
0.2 m (0′08″),1.8 kg (4.0 lbs),Tiny Bird Pokémon
0.8 m (2′07″),16.0 kg (35.3 lbs),Raven Pokémon
2.2 m (7′03″),75.0 kg (165.3 lbs),Raven Pokémon
0.4 m (1′04″),8.0 kg (17.6 lbs),Larva Pokémon
0.4 m (1′04″),19.5 kg (43.0 lbs),Radome Pokémon
0.4 m (1′04″),40.8 kg (89.9 lbs),Seven Spot Pokémon
0.6 m (2′00″),8.9 kg (19.6 lbs),Fox Pokémon
1.2 m (3′11″),19.9 kg (43.9 lbs),Fox Pokémon
0.4 m (1′04″),2.2 kg (4.9 lbs),Flowering Pokémon
0.5 m (1′08″),2.5 kg (5.5 lbs),Cotton Bloom Pokémon
0.6 m (2′00″),6.0 kg (13.2 lbs),Sheep Pokémon
1.3 m (4′03″),43.0 kg (94.8 lbs),Sheep Pokémon
0.3 m (1′00″),8.5 kg (18.7 lbs),Snapping Pokémon
1.0 m (3′03″),115.5 kg (254.6 lbs),Bite Pokémon
0.3 m (1′00″),13.5 kg (29.8 lbs),Puppy Pokémon
1.0 m (3′03″),34.0 kg (75.0 lbs),Dog Pokémon
0.3 m (1′00″),12.0 kg (26.5 lbs),Coal Pokémon
1.1 m (3′07″),78.0 kg (172.0 lbs),Coal Pokémon
2.8 m (9′02″),310.5 kg (684.5 lbs),Coal Pokémon
0.2 m (0′08″),0.5 kg (1.1 lbs),Apple Core Pokémon
0.3 m (1′00″),1.0 kg (2.2 lbs),Apple Wing Pokémon
0.4 m (1′04″),13.0 kg (28.7 lbs),Apple Nectar Pokémon
2.2 m (7′03″),7.6 kg (16.8 lbs),Sand Snake Pokémon
3.8 m (12′06″),65.5 kg (144.4 lbs),Sand Snake Pokémon
0.8 m (2′07″),18.0 kg (39.7 lbs),Gulp Pokémon
0.5 m (1′08″),1.0 kg (2.2 lbs),Rush Pokémon
1.3 m (4′03″),30.0 kg (66.1 lbs),Skewer Pokémon
0.4 m (1′04″),11.0 kg (24.3 lbs),Baby Pokémon
1.6 m (5′03″),40.0 kg (88.2 lbs),Punk Pokémon
1.6 m (5′03″),40.0 kg (88.2 lbs),Punk Pokémon
0.7 m (2′04″),1.0 kg (2.2 lbs),Radiator Pokémon
3.0 m (9′10″),120.0 kg (264.6 lbs),Radiator Pokémon
0.6 m (2′00″),4.0 kg (8.8 lbs),Tantrum Pokémon
1.6 m (5′03″),39.0 kg (86.0 lbs),Tantrum Pokémon
0.1 m (0′04″),0.2 kg (0.4 lbs),Black Tea Pokémon
0.2 m (0′08″),0.4 kg (0.9 lbs),Black Tea Pokémon
0.4 m (1′04″),3.4 kg (7.5 lbs),Calm Pokémon
0.6 m (2′00″),4.8 kg (10.6 lbs),Serene Pokémon
2.1 m (6′11″),5.0 kg (11.0 lbs),Silent Pokémon
0.4 m (1′04″),5.5 kg (12.1 lbs),Wily Pokémon
0.8 m (2′07″),12.5 kg (27.6 lbs),Devious Pokémon
1.5 m (4′11″),61.0 kg (134.5 lbs),Bulk Up Pokémon
1.6 m (5′03″),46.0 kg (101.4 lbs),Blocking Pokémon
0.8 m (2′07″),28.0 kg (61.7 lbs),Viking Pokémon
1.0 m (3′03″),0.4 kg (0.9 lbs),Coral Pokémon
0.8 m (2′07″),117.0 kg (257.9 lbs),Wild Duck Pokémon
1.5 m (4′11″),58.2 kg (128.3 lbs),Comedian Pokémon
1.6 m (5′03″),66.6 kg (146.8 lbs),Grudge Pokémon
0.2 m (0′08″),0.3 kg (0.7 lbs),Cream Pokémon
0.3 m (1′00″),0.5 kg (1.1 lbs),Cream Pokémon
3.0 m (9′10″),62.0 kg (136.7 lbs),Formation Pokémon
0.3 m (1′00″),1.0 kg (2.2 lbs),Sea Urchin Pokémon
0.3 m (1′00″),3.8 kg (8.4 lbs),Worm Pokémon
1.3 m (4′03″),42.0 kg (92.6 lbs),Frost Moth Pokémon
2.5 m (8′02″),520.0 kg (1146.4 lbs),Big Rock Pokémon
1.4 m (4′07″),89.0 kg (196.2 lbs),Penguin Pokémon
1.4 m (4′07″),89.0 kg (196.2 lbs),Penguin Pokémon
0.9 m (2′11″),28.0 kg (61.7 lbs),Emotion Pokémon
0.9 m (2′11″),28.0 kg (61.7 lbs),Emotion Pokémon
0.3 m (1′00″),3.0 kg (6.6 lbs),Two-Sided Pokémon
0.3 m (1′00″),3.0 kg (6.6 lbs),Two-Sided Pokémon
1.2 m (3′11″),100.0 kg (220.5 lbs),Copperderm Pokémon
3.0 m (9′10″),650.0 kg (1433.0 lbs),Copperderm Pokémon
1.8 m (5′11″),190.0 kg (418.9 lbs),Fossil Pokémon
2.3 m (7′07″),150.0 kg (330.7 lbs),Fossil Pokémon
2.3 m (7′07″),215.0 kg (474.0 lbs),Fossil Pokémon
2.0 m (6′07″),175.0 kg (385.8 lbs),Fossil Pokémon
1.8 m (5′11″),40.0 kg (88.2 lbs),Alloy Pokémon
0.5 m (1′08″),2.0 kg (4.4 lbs),Lingering Pokémon
1.4 m (4′07″),11.0 kg (24.3 lbs),Caretaker Pokémon
3.0 m (9′10″),50.0 kg (110.2 lbs),Stealth Pokémon
2.8 m (9′02″),355.0 kg (782.6 lbs),Warrior Pokémon
2.8 m (9′02″),355.0 kg (782.6 lbs),Warrior Pokémon
2.9 m (9′06″),785.0 kg (1730.6 lbs),Warrior Pokémon
2.9 m (9′06″),785.0 kg (1730.6 lbs),Warrior Pokémon
20.0 m (65′07″),950.0 kg (2094.4 lbs),Gigantic Pokémon
20.0 m (65′07″),950.0 kg (2094.4 lbs),Gigantic Pokémon
0.6 m (2′00″),12.0 kg (26.5 lbs),Wushu Pokémon
1.9 m (6′03″),105.0 kg (231.5 lbs),Wushu Pokémon
1.9 m (6′03″),105.0 kg (231.5 lbs),Wushu Pokémon
1.8 m (5′11″),70.0 kg (154.3 lbs),Rogue Monkey Pokémon
1.2 m (3′11″),145.0 kg (319.7 lbs),Electron Pokémon
2.1 m (6′11″),200.0 kg (440.9 lbs),Dragon Orb Pokémon
2.2 m (7′03″),800.0 kg (1763.7 lbs),Wild Horse Pokémon
2.0 m (6′07″),44.5 kg (98.1 lbs),Swift Horse Pokémon
1.1 m (3′07″),7.7 kg (17.0 lbs),King Pokémon
1.1 m (3′07″),7.7 kg (17.0 lbs),King Pokémon
1.1 m (3′07″),7.7 kg (17.0 lbs),King Pokémon
